ID,SITE,LONG,LAT,Group
CRA_1756,CRA,50.5212,-126.56462,South
CRA_1757,CRA,50.5212,-126.56462,South
CRA_1758,CRA,50.5212,-126.56462,South
CRA_1759,CRA,50.5212,-126.56462,South
CRA_1760,CRA,50.5212,-126.56462,South
CRA_1761,CRA,50.5212,-126.56462,South
CRA_1762,CRA,50.5212,-126.56462,South
CRA_1763,CRA,50.5212,-126.56462,South
CRA_1764,CRA,50.5212,-126.56462,South
CRA_1765,CRA,50.5212,-126.56462,South
CRA_1766,CRA,50.5212,-126.56462,South
CRA_1768,CRA,50.5212,-126.56462,South
CRA_1769,CRA,50.5212,-126.56462,South
CRA_1770,CRA,50.5212,-126.56462,South
CRA_1771,CRA,50.5212,-126.56462,South
CRA_1772,CRA,50.5212,-126.56462,South
CRA_1773,CRA,50.5212,-126.56462,South
CRA_1774,CRA,50.5212,-126.56462,South
CRA_1775,CRA,50.5212,-126.56462,South
CRA_1776,CRA,50.5212,-126.56462,South
CRA_1778,CRA,50.5212,-126.56462,South
CRA_1780,CRA,50.5212,-126.56462,South
CRA_1781,CRA,50.5212,-126.56462,South
CRA_1782,CRA,50.5212,-126.56462,South
CRA_1783,CRA,50.5212,-126.56462,South
CRA_1784,CRA,50.5212,-126.56462,South
CRA_1785,CRA,50.5212,-126.56462,South
CRA_1786,CRA,50.5212,-126.56462,South
HOP_2551,HOP,50.89923333,-127.85115,South
HOP_2552,HOP,50.89923333,-127.85115,South
HOP_2554,HOP,50.89923333,-127.85115,South
HOP_2556,HOP,50.89923333,-127.85115,South
HOP_2557,HOP,50.89923333,-127.85115,South
HOP_2558,HOP,50.89923333,-127.85115,South
HOP_2560,HOP,50.89923333,-127.85115,South
HOP_2561,HOP,50.89923333,-127.85115,South
HOP_2562,HOP,50.89923333,-127.85115,South
HOP_2566,HOP,50.89923333,-127.85115,South
HOP_2567,HOP,50.89923333,-127.85115,South
HOP_2568,HOP,50.89923333,-127.85115,South
HOP_2569,HOP,50.89923333,-127.85115,South
HOP_2570,HOP,50.89923333,-127.85115,South
HOP_2571,HOP,50.89923333,-127.85115,South
HOP_2572,HOP,50.89923333,-127.85115,South
HOP_2573,HOP,50.89923333,-127.85115,South
HOP_2574,HOP,50.89923333,-127.85115,South
HOP_2575,HOP,50.89923333,-127.85115,South
HOP_2576,HOP,50.89923333,-127.85115,South
HOP_2578,HOP,50.89923333,-127.85115,South
HOP_2579,HOP,50.89923333,-127.85115,South
HOP_2580,HOP,50.89923333,-127.85115,South
HOP_2581,HOP,50.89923333,-127.85115,South
HOP_2582,HOP,50.89923333,-127.85115,South
HOP_2583,HOP,50.89923333,-127.85115,South
HOP_2584,HOP,50.89923333,-127.85115,South
HOP_2585,HOP,50.89923333,-127.85115,South
HOP_2586,HOP,50.89923333,-127.85115,South
HOP_2587,HOP,50.89923333,-127.85115,South
HOP_2588,HOP,50.89923333,-127.85115,South
HOP_2589,HOP,50.89923333,-127.85115,South
HOP_2590,HOP,50.89923333,-127.85115,South
HOP_2591,HOP,50.89923333,-127.85115,South
JER_2592,JER,49.75303333,-124.0011,South
JER_2594,JER,49.75303333,-124.0011,South
JER_2595,JER,49.75303333,-124.0011,South
JER_2596,JER,49.75303333,-124.0011,South
JER_2597,JER,49.75303333,-124.0011,South
JER_2598,JER,49.75303333,-124.0011,South
JER_2600,JER,49.75303333,-124.0011,South
JER_2601,JER,49.75303333,-124.0011,South
JER_2602,JER,49.75303333,-124.0011,South
JER_2603,JER,49.75303333,-124.0011,South
JER_2604,JER,49.75303333,-124.0011,South
JER_2606,JER,49.75303333,-124.0011,South
JER_2608,JER,49.75303333,-124.0011,South
JER_2609,JER,49.75303333,-124.0011,South
JER_2610,JER,49.75303333,-124.0011,South
JER_2612,JER,49.75303333,-124.0011,South
JER_2614,JER,49.75303333,-124.0011,South
JER_2615,JER,49.75303333,-124.0011,South
JER_2616,JER,49.75303333,-124.0011,South
JER_2617,JER,49.75303333,-124.0011,South
JER_2618,JER,49.75303333,-124.0011,South
JER_2619,JER,49.75303333,-124.0011,South
JER_2620,JER,49.75303333,-124.0011,South
JER_2621,JER,49.75303333,-124.0011,South
JER_2622,JER,49.75303333,-124.0011,South
JER_2624,JER,49.75303333,-124.0011,South
JER_2625,JER,49.75303333,-124.0011,South
JER_2626,JER,49.75303333,-124.0011,South
JER_2627,JER,49.75303333,-124.0011,South
JER_2628,JER,49.75303333,-124.0011,South
JER_2629,JER,49.75303333,-124.0011,South
JER_2631,JER,49.75303333,-124.0011,South
LAS_2510,LAS,49.47478333,-124.1826167,South
LAS_2511,LAS,49.47478333,-124.1826167,South
LAS_2512,LAS,49.47478333,-124.1826167,South
LAS_2513,LAS,49.47478333,-124.1826167,South
LAS_2515,LAS,49.47478333,-124.1826167,South
LAS_2517,LAS,49.47478333,-124.1826167,South
LAS_2518,LAS,49.47478333,-124.1826167,South
LAS_2519,LAS,49.47478333,-124.1826167,South
LAS_2520,LAS,49.47478333,-124.1826167,South
LAS_2521,LAS,49.47478333,-124.1826167,South
LAS_2522,LAS,49.47478333,-124.1826167,South
LAS_2523,LAS,49.47478333,-124.1826167,South
LAS_2524,LAS,49.47478333,-124.1826167,South
LAS_2528,LAS,49.47478333,-124.1826167,South
LAS_2531,LAS,49.47478333,-124.1826167,South
LAS_2534,LAS,49.47478333,-124.1826167,South
LAS_2536,LAS,49.47478333,-124.1826167,South
LAS_2537,LAS,49.47478333,-124.1826167,South
LAS_2538,LAS,49.47478333,-124.1826167,South
LAS_2540,LAS,49.47478333,-124.1826167,South
LAS_2541,LAS,49.47478333,-124.1826167,South
LAS_2542,LAS,49.47478333,-124.1826167,South
LAS_2544,LAS,49.47478333,-124.1826167,South
LAS_2547,LAS,49.47478333,-124.1826167,South
LAS_2548,LAS,49.47478333,-124.1826167,South
LAS_2549,LAS,49.47478333,-124.1826167,South
LAS_2550,LAS,49.47478333,-124.1826167,South
LAS_2996,LAS,49.47478333,-124.1826167,South
MAL_2634,MAL,50.62736667,-127.1282167,South
MAL_2635,MAL,50.62736667,-127.1282167,South
MAL_2636,MAL,50.62736667,-127.1282167,South
MAL_2638,MAL,50.62736667,-127.1282167,South
MAL_2639,MAL,50.62736667,-127.1282167,South
MAL_2640,MAL,50.62736667,-127.1282167,South
MAL_2641,MAL,50.62736667,-127.1282167,South
MAL_2642,MAL,50.62736667,-127.1282167,South
MAL_2644,MAL,50.62736667,-127.1282167,South
MAL_2645,MAL,50.62736667,-127.1282167,South
MAL_2646,MAL,50.62736667,-127.1282167,South
MAL_2648,MAL,50.62736667,-127.1282167,South
MAL_2649,MAL,50.62736667,-127.1282167,South
MAL_2650,MAL,50.62736667,-127.1282167,South
MAL_2653,MAL,50.62736667,-127.1282167,South
MAL_2654,MAL,50.62736667,-127.1282167,South
MAL_2655,MAL,50.62736667,-127.1282167,South
MAL_2656,MAL,50.62736667,-127.1282167,South
MAL_2658,MAL,50.62736667,-127.1282167,South
MAL_2659,MAL,50.62736667,-127.1282167,South
MAL_2660,MAL,50.62736667,-127.1282167,South
MAL_2661,MAL,50.62736667,-127.1282167,South
MAL_2662,MAL,50.62736667,-127.1282167,South
MAL_2663,MAL,50.62736667,-127.1282167,South
MAL_2665,MAL,50.62736667,-127.1282167,South
MAL_2666,MAL,50.62736667,-127.1282167,South
MAL_2667,MAL,50.62736667,-127.1282167,South
MAL_2668,MAL,50.62736667,-127.1282167,South
MAL_2669,MAL,50.62736667,-127.1282167,South
MAL_2670,MAL,50.62736667,-127.1282167,South
MAL_2671,MAL,50.62736667,-127.1282167,South
MAL_2672,MAL,50.62736667,-127.1282167,South
MAL_2673,MAL,50.62736667,-127.1282167,South
OGD_1278,OGD,48.40821667,-123.3874833,South
OGD_1279,OGD,48.40821667,-123.3874833,South
OGD_1280,OGD,48.40821667,-123.3874833,South
OGD_1281,OGD,48.40821667,-123.3874833,South
OGD_1282,OGD,48.40821667,-123.3874833,South
OGD_1283,OGD,48.40821667,-123.3874833,South
OGD_1284,OGD,48.40821667,-123.3874833,South
OGD_1285,OGD,48.40821667,-123.3874833,South
OGD_1286,OGD,48.40821667,-123.3874833,South
OGD_1287,OGD,48.40821667,-123.3874833,South
OGD_1288,OGD,48.40821667,-123.3874833,South
OGD_1289,OGD,48.40821667,-123.3874833,South
OGD_1290,OGD,48.40821667,-123.3874833,South
OGD_1292,OGD,48.40821667,-123.3874833,South
OGD_1293,OGD,48.40821667,-123.3874833,South
OGD_1294,OGD,48.40821667,-123.3874833,South
OGD_1295,OGD,48.40821667,-123.3874833,South
OGD_1296,OGD,48.40821667,-123.3874833,South
OGD_1297,OGD,48.40821667,-123.3874833,South
OGD_1298,OGD,48.40821667,-123.3874833,South
OGD_1299,OGD,48.40821667,-123.3874833,South
OGD_1300,OGD,48.40821667,-123.3874833,South
OGD_1491,OGD,48.40821667,-123.3874833,South
OGD_1492,OGD,48.40821667,-123.3874833,South
OGD_1493,OGD,48.40821667,-123.3874833,South
OGD_1495,OGD,48.40821667,-123.3874833,South
OGD_1496,OGD,48.40821667,-123.3874833,South
OGD_1497,OGD,48.40821667,-123.3874833,South
OGD_1498,OGD,48.40821667,-123.3874833,South
OGD_1499,OGD,48.40821667,-123.3874833,South
OGD_1500,OGD,48.40821667,-123.3874833,South
QUA_2387,QUA,50.49976667,-127.8717333,South
QUA_2388,QUA,50.49976667,-127.8717333,South
QUA_2389,QUA,50.49976667,-127.8717333,South
QUA_2391,QUA,50.49976667,-127.8717333,South
QUA_2392,QUA,50.49976667,-127.8717333,South
QUA_2394,QUA,50.49976667,-127.8717333,South
QUA_2395,QUA,50.49976667,-127.8717333,South
QUA_2397,QUA,50.49976667,-127.8717333,South
QUA_2398,QUA,50.49976667,-127.8717333,South
QUA_2399,QUA,50.49976667,-127.8717333,South
QUA_2400,QUA,50.49976667,-127.8717333,South
QUA_2401,QUA,50.49976667,-127.8717333,South
QUA_2402,QUA,50.49976667,-127.8717333,South
QUA_2404,QUA,50.49976667,-127.8717333,South
QUA_2405,QUA,50.49976667,-127.8717333,South
QUA_2407,QUA,50.49976667,-127.8717333,South
QUA_2408,QUA,50.49976667,-127.8717333,South
QUA_2409,QUA,50.49976667,-127.8717333,South
QUA_2410,QUA,50.49976667,-127.8717333,South
QUA_2411,QUA,50.49976667,-127.8717333,South
QUA_2415,QUA,50.49976667,-127.8717333,South
QUA_2416,QUA,50.49976667,-127.8717333,South
QUA_2417,QUA,50.49976667,-127.8717333,South
QUA_2418,QUA,50.49976667,-127.8717333,South
QUA_2419,QUA,50.49976667,-127.8717333,South
QUA_2420,QUA,50.49976667,-127.8717333,South
QUA_2421,QUA,50.49976667,-127.8717333,South
QUA_2422,QUA,50.49976667,-127.8717333,South
QUA_2424,QUA,50.49976667,-127.8717333,South
QUA_2425,QUA,50.49976667,-127.8717333,South
QUA_2426,QUA,50.49976667,-127.8717333,South
QUA_2427,QUA,50.49976667,-127.8717333,South
RBY_2182,RBY,50.33026667,-125.4665833,South
RBY_2183,RBY,50.33026667,-125.4665833,South
RBY_2185,RBY,50.33026667,-125.4665833,South
RBY_2188,RBY,50.33026667,-125.4665833,South
RBY_2189,RBY,50.33026667,-125.4665833,South
RBY_2190,RBY,50.33026667,-125.4665833,South
RBY_2191,RBY,50.33026667,-125.4665833,South
RBY_2192,RBY,50.33026667,-125.4665833,South
RBY_2193,RBY,50.33026667,-125.4665833,South
RBY_2194,RBY,50.33026667,-125.4665833,South
RBY_2195,RBY,50.33026667,-125.4665833,South
RBY_2196,RBY,50.33026667,-125.4665833,South
RBY_2198,RBY,50.33026667,-125.4665833,South
RBY_2199,RBY,50.33026667,-125.4665833,South
RBY_2200,RBY,50.33026667,-125.4665833,South
RBY_2201,RBY,50.33026667,-125.4665833,South
RBY_2202,RBY,50.33026667,-125.4665833,South
RBY_2203,RBY,50.33026667,-125.4665833,South
RBY_2204,RBY,50.33026667,-125.4665833,South
RBY_2205,RBY,50.33026667,-125.4665833,South
RBY_2206,RBY,50.33026667,-125.4665833,South
RBY_2207,RBY,50.33026667,-125.4665833,South
RBY_2209,RBY,50.33026667,-125.4665833,South
RBY_2210,RBY,50.33026667,-125.4665833,South
RBY_2211,RBY,50.33026667,-125.4665833,South
RBY_2212,RBY,50.33026667,-125.4665833,South
RBY_2213,RBY,50.33026667,-125.4665833,South
RBY_2214,RBY,50.33026667,-125.4665833,South
RBY_2215,RBY,50.33026667,-125.4665833,South
RBY_2216,RBY,50.33026667,-125.4665833,South
RBY_2217,RBY,50.33026667,-125.4665833,South
RBY_2221,RBY,50.33026667,-125.4665833,South
SGI_2715,SGI,48.75678333,-123.3799,South
SGI_2716,SGI,48.75678333,-123.3799,South
SGI_2717,SGI,48.75678333,-123.3799,South
SGI_2718,SGI,48.75678333,-123.3799,South
SGI_2719,SGI,48.75678333,-123.3799,South
SGI_2721,SGI,48.75678333,-123.3799,South
SGI_2722,SGI,48.75678333,-123.3799,South
SGI_2723,SGI,48.75678333,-123.3799,South
SGI_2724,SGI,48.75678333,-123.3799,South
SGI_2725,SGI,48.75678333,-123.3799,South
SGI_2726,SGI,48.75678333,-123.3799,South
SGI_2728,SGI,48.75678333,-123.3799,South
SGI_2729,SGI,48.75678333,-123.3799,South
SGI_2734,SGI,48.75678333,-123.3799,South
SGI_2735,SGI,48.75678333,-123.3799,South
SGI_2736,SGI,48.75678333,-123.3799,South
SGI_2737,SGI,48.75678333,-123.3799,South
SGI_2738,SGI,48.75678333,-123.3799,South
SGI_2739,SGI,48.75678333,-123.3799,South
SGI_2740,SGI,48.75678333,-123.3799,South
SGI_2741,SGI,48.75678333,-123.3799,South
SGI_2742,SGI,48.75678333,-123.3799,South
SGI_2744,SGI,48.75678333,-123.3799,South
SGI_2746,SGI,48.75678333,-123.3799,South
SGI_2747,SGI,48.75678333,-123.3799,South
SGI_2749,SGI,48.75678333,-123.3799,South
SGI_2750,SGI,48.75678333,-123.3799,South
SGI_2751,SGI,48.75678333,-123.3799,South
SGI_2752,SGI,48.75678333,-123.3799,South
SGI_2753,SGI,48.75678333,-123.3799,South
SGI_2755,SGI,48.75678333,-123.3799,South
SHE_3003,SHE,50.65893333,-126.2377,South
SHE_3004,SHE,50.65893333,-126.2377,South
SHE_3005,SHE,50.65893333,-126.2377,South
SHE_3006,SHE,50.65893333,-126.2377,South
SHE_3007,SHE,50.65893333,-126.2377,South
SHE_3010,SHE,50.65893333,-126.2377,South
SHE_3011,SHE,50.65893333,-126.2377,South
SHE_3012,SHE,50.65893333,-126.2377,South
SHE_3015,SHE,50.65893333,-126.2377,South
SHE_3016,SHE,50.65893333,-126.2377,South
SHE_3017,SHE,50.65893333,-126.2377,South
SHE_3018,SHE,50.65893333,-126.2377,South
SHE_3019,SHE,50.65893333,-126.2377,South
SHE_3020,SHE,50.65893333,-126.2377,South
SHE_3022,SHE,50.65893333,-126.2377,South
SHE_3023,SHE,50.65893333,-126.2377,South
SHE_3024,SHE,50.65893333,-126.2377,South
SHE_3025,SHE,50.65893333,-126.2377,South
SHE_3027,SHE,50.65893333,-126.2377,South
SHE_3028,SHE,50.65893333,-126.2377,South
SHE_3029,SHE,50.65893333,-126.2377,South
SHE_3030,SHE,50.65893333,-126.2377,South
SHE_3031,SHE,50.65893333,-126.2377,South
SHE_3033,SHE,50.65893333,-126.2377,South
SHE_3034,SHE,50.65893333,-126.2377,South
SHE_3035,SHE,50.65893333,-126.2377,South
SHE_3036,SHE,50.65893333,-126.2377,South
SHE_3037,SHE,50.65893333,-126.2377,South
SHE_3039,SHE,50.65893333,-126.2377,South
SHE_3040,SHE,50.65893333,-126.2377,South
SHE_3041,SHE,50.65893333,-126.2377,South
SHE_3042,SHE,50.65893333,-126.2377,South
TBL_2920,TBL,51.27213333,-127.8038333,South
TBL_2921,TBL,51.27213333,-127.8038333,South
TBL_2922,TBL,51.27213333,-127.8038333,South
TBL_2923,TBL,51.27213333,-127.8038333,South
TBL_2924,TBL,51.27213333,-127.8038333,South
TBL_2926,TBL,51.27213333,-127.8038333,South
TBL_2927,TBL,51.27213333,-127.8038333,South
TBL_2928,TBL,51.27213333,-127.8038333,South
TBL_2929,TBL,51.27213333,-127.8038333,South
TBL_2930,TBL,51.27213333,-127.8038333,South
TBL_2932,TBL,51.27213333,-127.8038333,South
TBL_2933,TBL,51.27213333,-127.8038333,South
TBL_2934,TBL,51.27213333,-127.8038333,South
TBL_2935,TBL,51.27213333,-127.8038333,South
TBL_2936,TBL,51.27213333,-127.8038333,South
TBL_2937,TBL,51.27213333,-127.8038333,South
TBL_2938,TBL,51.27213333,-127.8038333,South
TBL_2940,TBL,51.27213333,-127.8038333,South
TBL_2941,TBL,51.27213333,-127.8038333,South
TBL_2942,TBL,51.27213333,-127.8038333,South
TBL_2943,TBL,51.27213333,-127.8038333,South
TBL_2944,TBL,51.27213333,-127.8038333,South
TBL_2946,TBL,51.27213333,-127.8038333,South
TBL_2947,TBL,51.27213333,-127.8038333,South
TBL_2948,TBL,51.27213333,-127.8038333,South
TBL_2949,TBL,51.27213333,-127.8038333,South
TBL_2952,TBL,51.27213333,-127.8038333,South
TBL_2953,TBL,51.27213333,-127.8038333,South
TBL_2954,TBL,51.27213333,-127.8038333,South
TBL_2957,TBL,51.27213333,-127.8038333,South
TBL_2958,TBL,51.27213333,-127.8038333,South
TBL_2959,TBL,51.27213333,-127.8038333,South
TOF_1696,TOF,49.2482,-125.9384,South
TOF_1699,TOF,49.2482,-125.9384,South
TOF_1700,TOF,49.2482,-125.9384,South
TOF_1701,TOF,49.2482,-125.9384,South
TOF_1702,TOF,49.2482,-125.9384,South
TOF_1704,TOF,49.2482,-125.9384,South
TOF_1705,TOF,49.2482,-125.9384,South
TOF_1706,TOF,49.2482,-125.9384,South
TOF_1707,TOF,49.2482,-125.9384,South
TOF_1709,TOF,49.2482,-125.9384,South
TOF_1710,TOF,49.2482,-125.9384,South
TOF_1711,TOF,49.2482,-125.9384,South
TOF_1715,TOF,49.2482,-125.9384,South
TOF_1718,TOF,49.2482,-125.9384,South
TOF_1719,TOF,49.2482,-125.9384,South
TOF_1720,TOF,49.2482,-125.9384,South
TOF_1721,TOF,49.2482,-125.9384,South
TOF_1722,TOF,49.2482,-125.9384,South
TOF_1723,TOF,49.2482,-125.9384,South
TOF_1724,TOF,49.2482,-125.9384,South
AK1_1,AK1,54.83479167,-133.0185444,North
AK1_10,AK1,54.83479167,-133.0185444,North
AK1_11,AK1,54.83479167,-133.0185444,North
AK1_12,AK1,54.83479167,-133.0185444,North
AK1_13,AK1,54.83479167,-133.0185444,North
AK1_14,AK1,54.83479167,-133.0185444,North
AK1_15,AK1,54.83479167,-133.0185444,North
AK1_16,AK1,54.83479167,-133.0185444,North
AK1_17,AK1,54.83479167,-133.0185444,North
AK1_18,AK1,54.83479167,-133.0185444,North
AK1_19,AK1,54.83479167,-133.0185444,North
AK1_2,AK1,54.83479167,-133.0185444,North
AK1_20,AK1,54.83479167,-133.0185444,North
AK1_21,AK1,54.83479167,-133.0185444,North
AK1_22,AK1,54.83479167,-133.0185444,North
AK1_23,AK1,54.83479167,-133.0185444,North
AK1_24,AK1,54.83479167,-133.0185444,North
AK1_25,AK1,54.83479167,-133.0185444,North
AK1_27,AK1,54.83479167,-133.0185444,North
AK1_28,AK1,54.83479167,-133.0185444,North
AK1_3,AK1,54.83479167,-133.0185444,North
AK1_30,AK1,54.83479167,-133.0185444,North
AK1_4,AK1,54.83479167,-133.0185444,North
AK1_5,AK1,54.83479167,-133.0185444,North
AK1_6,AK1,54.83479167,-133.0185444,North
AK1_7,AK1,54.83479167,-133.0185444,North
AK1_8,AK1,54.83479167,-133.0185444,North
AK1_9,AK1,54.83479167,-133.0185444,North
AK2_31,AK2,56.36410556,-134.6327528,North
AK2_32,AK2,56.36410556,-134.6327528,North
AK2_33,AK2,56.36410556,-134.6327528,North
AK2_34,AK2,56.36410556,-134.6327528,North
AK2_35,AK2,56.36410556,-134.6327528,North
AK2_36,AK2,56.36410556,-134.6327528,North
AK2_37,AK2,56.36410556,-134.6327528,North
AK2_38,AK2,56.36410556,-134.6327528,North
AK2_39,AK2,56.36410556,-134.6327528,North
AK2_40,AK2,56.36410556,-134.6327528,North
AK2_41,AK2,56.36410556,-134.6327528,North
AK2_42,AK2,56.36410556,-134.6327528,North
AK2_43,AK2,56.36410556,-134.6327528,North
AK2_44,AK2,56.36410556,-134.6327528,North
AK2_46,AK2,56.36410556,-134.6327528,North
AK2_47,AK2,56.36410556,-134.6327528,North
AK2_48,AK2,56.36410556,-134.6327528,North
AK2_49,AK2,56.36410556,-134.6327528,North
AK2_50,AK2,56.36410556,-134.6327528,North
AK2_51,AK2,56.36410556,-134.6327528,North
AK2_52,AK2,56.36410556,-134.6327528,North
AK2_53,AK2,56.36410556,-134.6327528,North
AK2_54,AK2,56.36410556,-134.6327528,North
AK2_55,AK2,56.36410556,-134.6327528,North
AK2_56,AK2,56.36410556,-134.6327528,North
AK2_57,AK2,56.36410556,-134.6327528,North
AK2_58,AK2,56.36410556,-134.6327528,North
AK3_61,AK3,57.82796389,-134.7153333,North
AK3_62,AK3,57.82796389,-134.7153333,North
AK3_63,AK3,57.82796389,-134.7153333,North
AK3_64,AK3,57.82796389,-134.7153333,North
AK3_65,AK3,57.82796389,-134.7153333,North
AK3_66,AK3,57.82796389,-134.7153333,North
AK3_67,AK3,57.82796389,-134.7153333,North
AK3_68,AK3,57.82796389,-134.7153333,North
AK3_69,AK3,57.82796389,-134.7153333,North
AK3_70,AK3,57.82796389,-134.7153333,North
AK3_71,AK3,57.82796389,-134.7153333,North
AK3_72,AK3,57.82796389,-134.7153333,North
AK3_73,AK3,57.82796389,-134.7153333,North
AK3_74,AK3,57.82796389,-134.7153333,North
AK3_76,AK3,57.82796389,-134.7153333,North
AK3_77,AK3,57.82796389,-134.7153333,North
AK3_78,AK3,57.82796389,-134.7153333,North
AK3_79,AK3,57.82796389,-134.7153333,North
AK3_80,AK3,57.82796389,-134.7153333,North
AK3_81,AK3,57.82796389,-134.7153333,North
AK3_82,AK3,57.82796389,-134.7153333,North
AK3_83,AK3,57.82796389,-134.7153333,North
AK3_84,AK3,57.82796389,-134.7153333,North
AK3_85,AK3,57.82796389,-134.7153333,North
AK3_86,AK3,57.82796389,-134.7153333,North
AK3_88,AK3,57.82796389,-134.7153333,North
AK3_89,AK3,57.82796389,-134.7153333,North
AK3_90,AK3,57.82796389,-134.7153333,North
AK4_100,AK4,55.91448611,-132.2171083,North
AK4_101,AK4,55.91448611,-132.2171083,North
AK4_102,AK4,55.91448611,-132.2171083,North
AK4_103,AK4,55.91448611,-132.2171083,North
AK4_104,AK4,55.91448611,-132.2171083,North
AK4_105,AK4,55.91448611,-132.2171083,North
AK4_106,AK4,55.91448611,-132.2171083,North
AK4_107b,AK4,55.91448611,-132.2171083,North
AK4_108,AK4,55.91448611,-132.2171083,North
AK4_109,AK4,55.91448611,-132.2171083,North
AK4_110,AK4,55.91448611,-132.2171083,North
AK4_111b,AK4,55.91448611,-132.2171083,North
AK4_112,AK4,55.91448611,-132.2171083,North
AK4_113,AK4,55.91448611,-132.2171083,North
AK4_114,AK4,55.91448611,-132.2171083,North
AK4_115,AK4,55.91448611,-132.2171083,North
AK4_116b,AK4,55.91448611,-132.2171083,North
AK4_117,AK4,55.91448611,-132.2171083,North
AK4_118,AK4,55.91448611,-132.2171083,North
AK4_119,AK4,55.91448611,-132.2171083,North
AK4_120,AK4,55.91448611,-132.2171083,North
AK4_91,AK4,55.91448611,-132.2171083,North
AK4_92,AK4,55.91448611,-132.2171083,North
AK4_93,AK4,55.91448611,-132.2171083,North
AK4_94,AK4,55.91448611,-132.2171083,North
AK4_95,AK4,55.91448611,-132.2171083,North
AK4_96,AK4,55.91448611,-132.2171083,North
AK4_97,AK4,55.91448611,-132.2171083,North
AK4_98,AK4,55.91448611,-132.2171083,North
AK4_99,AK4,55.91448611,-132.2171083,North
CAL_1461,CAL,51.69,-128.1425,North
CAL_1462,CAL,51.69,-128.1425,North
CAL_1463,CAL,51.69,-128.1425,North
CAL_1464,CAL,51.69,-128.1425,North
CAL_1465,CAL,51.69,-128.1425,North
CAL_1466,CAL,51.69,-128.1425,North
CAL_1467,CAL,51.69,-128.1425,North
CAL_1468,CAL,51.69,-128.1425,North
CAL_1469,CAL,51.69,-128.1425,North
CAL_1470,CAL,51.69,-128.1425,North
CAL_1471,CAL,51.69,-128.1425,North
CAL_1472,CAL,51.69,-128.1425,North
CAL_1473,CAL,51.69,-128.1425,North
CAL_1474,CAL,51.69,-128.1425,North
CAL_1475,CAL,51.69,-128.1425,North
CAL_1476,CAL,51.69,-128.1425,North
CAL_1477,CAL,51.69,-128.1425,North
CAL_1478,CAL,51.69,-128.1425,North
CAL_1479,CAL,51.69,-128.1425,North
CAL_1480,CAL,51.69,-128.1425,North
CAL_1481,CAL,51.69,-128.1425,North
CAL_1482,CAL,51.69,-128.1425,North
CAL_1483,CAL,51.69,-128.1425,North
CAL_1484,CAL,51.69,-128.1425,North
CAL_1485,CAL,51.69,-128.1425,North
CAL_1486,CAL,51.69,-128.1425,North
CAL_1487,CAL,51.69,-128.1425,North
CAL_1488,CAL,51.69,-128.1425,North
CAL_1489,CAL,51.69,-128.1425,North
CAL_1490,CAL,51.69,-128.1425,North
JUA_1192,JUA,52.632,-131.396,North
JUA_1193,JUA,52.632,-131.396,North
JUA_1194,JUA,52.632,-131.396,North
JUA_1195,JUA,52.632,-131.396,North
JUA_1196,JUA,52.632,-131.396,North
JUA_1197,JUA,52.632,-131.396,North
JUA_1198,JUA,52.632,-131.396,North
JUA_1199,JUA,52.632,-131.396,North
JUA_1200,JUA,52.632,-131.396,North
JUA_1201,JUA,52.632,-131.396,North
JUA_1202,JUA,52.632,-131.396,North
JUA_1203,JUA,52.632,-131.396,North
JUA_1204,JUA,52.632,-131.396,North
JUA_1205,JUA,52.632,-131.396,North
JUA_1206,JUA,52.632,-131.396,North
JUA_1207,JUA,52.632,-131.396,North
JUA_1209,JUA,52.632,-131.396,North
JUA_1210,JUA,52.632,-131.396,North
JUA_1211,JUA,52.632,-131.396,North
JUA_1212,JUA,52.632,-131.396,North
JUA_1213,JUA,52.632,-131.396,North
JUA_1215,JUA,52.632,-131.396,North
JUA_1216,JUA,52.632,-131.396,North
JUA_1371,JUA,52.632,-131.396,North
JUA_1372,JUA,52.632,-131.396,North
JUA_1373,JUA,52.632,-131.396,North
JUA_1375,JUA,52.632,-131.396,North
JUA_1377,JUA,52.632,-131.396,North
JUA_1378,JUA,52.632,-131.396,North
JUA_1379,JUA,52.632,-131.396,North
LEG_1601,LEG,54.682,-130.464,North
LEG_1602,LEG,54.682,-130.464,North
LEG_1603,LEG,54.682,-130.464,North
LEG_1604,LEG,54.682,-130.464,North
LEG_1606,LEG,54.682,-130.464,North
LEG_1607,LEG,54.682,-130.464,North
LEG_1608,LEG,54.682,-130.464,North
LEG_1609,LEG,54.682,-130.464,North
LEG_1610,LEG,54.682,-130.464,North
LEG_1611b,LEG,54.682,-130.464,North
LEG_1612,LEG,54.682,-130.464,North
LEG_1613,LEG,54.682,-130.464,North
LEG_1614,LEG,54.682,-130.464,North
LEG_1615,LEG,54.682,-130.464,North
LEG_1616,LEG,54.682,-130.464,North
LEG_1618,LEG,54.682,-130.464,North
LEG_1619,LEG,54.682,-130.464,North
LEG_1620,LEG,54.682,-130.464,North
LEG_1621,LEG,54.682,-130.464,North
LEG_1622,LEG,54.682,-130.464,North
LEG_1623,LEG,54.682,-130.464,North
LEG_1625,LEG,54.682,-130.464,North
LEG_1626,LEG,54.682,-130.464,North
LEG_1627,LEG,54.682,-130.464,North
LEG_1628,LEG,54.682,-130.464,North
LEG_1629,LEG,54.682,-130.464,North
LEG_1630,LEG,54.682,-130.464,North
LEG_1631,LEG,54.682,-130.464,North
MAZ_1501,MAZ,54.1,-132.55305,North
MAZ_1502,MAZ,54.1,-132.55305,North
MAZ_1503,MAZ,54.1,-132.55305,North
MAZ_1504,MAZ,54.1,-132.55305,North
MAZ_1505,MAZ,54.1,-132.55305,North
MAZ_1506,MAZ,54.1,-132.55305,North
MAZ_1507,MAZ,54.1,-132.55305,North
MAZ_1508,MAZ,54.1,-132.55305,North
MAZ_1509,MAZ,54.1,-132.55305,North
MAZ_1510,MAZ,54.1,-132.55305,North
MAZ_1511,MAZ,54.1,-132.55305,North
MAZ_1512,MAZ,54.1,-132.55305,North
MAZ_1514,MAZ,54.1,-132.55305,North
MAZ_1515,MAZ,54.1,-132.55305,North
MAZ_1516,MAZ,54.1,-132.55305,North
MAZ_1517,MAZ,54.1,-132.55305,North
MAZ_1518,MAZ,54.1,-132.55305,North
MAZ_1519,MAZ,54.1,-132.55305,North
MAZ_1520,MAZ,54.1,-132.55305,North
MAZ_1521,MAZ,54.1,-132.55305,North
MAZ_1522,MAZ,54.1,-132.55305,North
MAZ_1523,MAZ,54.1,-132.55305,North
MAZ_1524,MAZ,54.1,-132.55305,North
MAZ_1525,MAZ,54.1,-132.55305,North
MAZ_1527,MAZ,54.1,-132.55305,North
MAZ_1528,MAZ,54.1,-132.55305,North
MAZ_1529,MAZ,54.1,-132.55305,North
MAZ_1530,MAZ,54.1,-132.55305,North
MAZ_1531,MAZ,54.1,-132.55305,North
MAZ_1532,MAZ,54.1,-132.55305,North
PRI_1818,PRI,54.197,-130.366,North
PRI_1819,PRI,54.197,-130.366,North
PRI_1820,PRI,54.197,-130.366,North
PRI_1821,PRI,54.197,-130.366,North
PRI_1822,PRI,54.197,-130.366,North
PRI_1823,PRI,54.197,-130.366,North
PRI_1824,PRI,54.197,-130.366,North
PRI_1825,PRI,54.197,-130.366,North
PRI_1826,PRI,54.197,-130.366,North
PRI_1827,PRI,54.197,-130.366,North
PRI_1828,PRI,54.197,-130.366,North
PRI_1829,PRI,54.197,-130.366,North
PRI_1831,PRI,54.197,-130.366,North
PRI_1832,PRI,54.197,-130.366,North
PRI_1833,PRI,54.197,-130.366,North
PRI_1834,PRI,54.197,-130.366,North
PRI_1835,PRI,54.197,-130.366,North
PRI_1836,PRI,54.197,-130.366,North
PRI_1837,PRI,54.197,-130.366,North
PRI_1838,PRI,54.197,-130.366,North
PRI_1839,PRI,54.197,-130.366,North
PRI_1840,PRI,54.197,-130.366,North
PRI_1841,PRI,54.197,-130.366,North
PRI_1842,PRI,54.197,-130.366,North
PRI_1843,PRI,54.197,-130.366,North
PRI_1844,PRI,54.197,-130.366,North
PRI_1845,PRI,54.197,-130.366,North
PRI_1846,PRI,54.197,-130.366,North
PRI_1847,PRI,54.197,-130.366,North
PRI_1848,PRI,54.197,-130.366,North
REN_1537,REN,53.399,-132.66,North
REN_1538,REN,53.399,-132.66,North
REN_1539,REN,53.399,-132.66,North
REN_1540,REN,53.399,-132.66,North
REN_1542,REN,53.399,-132.66,North
REN_1543,REN,53.399,-132.66,North
REN_1545,REN,53.399,-132.66,North
REN_1546,REN,53.399,-132.66,North
REN_1547,REN,53.399,-132.66,North
REN_1548,REN,53.399,-132.66,North
REN_1549,REN,53.399,-132.66,North
REN_1550,REN,53.399,-132.66,North
REN_1551,REN,53.399,-132.66,North
REN_1553,REN,53.399,-132.66,North
REN_1554,REN,53.399,-132.66,North
REN_1555,REN,53.399,-132.66,North
REN_1556,REN,53.399,-132.66,North
REN_1557,REN,53.399,-132.66,North
REN_1558,REN,53.399,-132.66,North
REN_1559,REN,53.399,-132.66,North
REN_1560,REN,53.399,-132.66,North
REN_1561,REN,53.399,-132.66,North
REN_1562,REN,53.399,-132.66,North
REN_1563,REN,53.399,-132.66,North
REN_1564,REN,53.399,-132.66,North
REN_1565,REN,53.399,-132.66,North
REN_1566,REN,53.399,-132.66,North
REN_1567,REN,53.399,-132.66,North
REN_1568,REN,53.399,-132.66,North
REN_1569,REN,53.399,-132.66,North
SEL_1187,SEL,52.93881667,-131.9049333,North
SEL_1188,SEL,52.93881667,-131.9049333,North
SEL_1189,SEL,52.93881667,-131.9049333,North
SEL_1190,SEL,52.93881667,-131.9049333,North
SEL_1571,SEL,52.93881667,-131.9049333,North
SEL_1572,SEL,52.93881667,-131.9049333,North
SEL_1573,SEL,52.93881667,-131.9049333,North
SEL_1574,SEL,52.93881667,-131.9049333,North
SEL_1575,SEL,52.93881667,-131.9049333,North
SEL_1576,SEL,52.93881667,-131.9049333,North
SEL_1577,SEL,52.93881667,-131.9049333,North
SEL_1578,SEL,52.93881667,-131.9049333,North
SEL_1579,SEL,52.93881667,-131.9049333,North
SEL_1580,SEL,52.93881667,-131.9049333,North
SEL_1582,SEL,52.93881667,-131.9049333,North
SEL_1583,SEL,52.93881667,-131.9049333,North
SEL_1584,SEL,52.93881667,-131.9049333,North
SEL_1585,SEL,52.93881667,-131.9049333,North
SEL_1586,SEL,52.93881667,-131.9049333,North
SEL_1587,SEL,52.93881667,-131.9049333,North
SEL_1588,SEL,52.93881667,-131.9049333,North
SEL_1589,SEL,52.93881667,-131.9049333,North
SEL_1590,SEL,52.93881667,-131.9049333,North
SEL_1591,SEL,52.93881667,-131.9049333,North
SEL_1592,SEL,52.93881667,-131.9049333,North
SEL_1593,SEL,52.93881667,-131.9049333,North
SEL_1594,SEL,52.93881667,-131.9049333,North
SEL_1596,SEL,52.93881667,-131.9049333,North
SEL_1597,SEL,52.93881667,-131.9049333,North
SEL_1598,SEL,52.93881667,-131.9049333,North
SEL_1599,SEL,52.93881667,-131.9049333,North
SEL_1600,SEL,52.93881667,-131.9049333,North
TOL_1663,TOL,52.71326667,-128.5782,North
TOL_1664,TOL,52.71326667,-128.5782,North
TOL_1665,TOL,52.71326667,-128.5782,North
TOL_1666,TOL,52.71326667,-128.5782,North
TOL_1667,TOL,52.71326667,-128.5782,North
TOL_1668,TOL,52.71326667,-128.5782,North
TOL_1669,TOL,52.71326667,-128.5782,North
TOL_1670,TOL,52.71326667,-128.5782,North
TOL_1671,TOL,52.71326667,-128.5782,North
TOL_1673,TOL,52.71326667,-128.5782,North
TOL_1674,TOL,52.71326667,-128.5782,North
TOL_1675,TOL,52.71326667,-128.5782,North
TOL_1676,TOL,52.71326667,-128.5782,North
TOL_1677,TOL,52.71326667,-128.5782,North
TOL_1678,TOL,52.71326667,-128.5782,North
TOL_1679,TOL,52.71326667,-128.5782,North
TOL_1680,TOL,52.71326667,-128.5782,North
TOL_1681,TOL,52.71326667,-128.5782,North
TOL_1682,TOL,52.71326667,-128.5782,North
TOL_1683,TOL,52.71326667,-128.5782,North
TOL_1684,TOL,52.71326667,-128.5782,North
TOL_1685,TOL,52.71326667,-128.5782,North
TOL_1686,TOL,52.71326667,-128.5782,North
TOL_1687,TOL,52.71326667,-128.5782,North
TOL_1688,TOL,52.71326667,-128.5782,North
TOL_1690,TOL,52.71326667,-128.5782,North
TOL_1691,TOL,52.71326667,-128.5782,North
TOL_1692,TOL,52.71326667,-128.5782,North
TOL_1693,TOL,52.71326667,-128.5782,North
